,ranks,pods,time
0,704,8,5.51242
1,704,8,5.89967
2,704,8,6.04301
3,704,8,6.02985
4,704,8,5.36226
5,352,4,3.63868
6,352,4,3.68496
7,352,4,3.87733
8,352,4,3.74458
9,352,4,3.57988
10,1408,16,6.50231
11,1408,16,6.83839
12,1408,16,7.26995
13,1408,16,7.07252
14,1408,16,6.49528
15,88,1,1.73022
16,88,1,1.81762
17,88,1,1.7879
18,88,1,1.75843
19,88,1,1.72793
20,176,2,3.04352
21,176,2,3.22597
22,176,2,2.90511
23,176,2,3.02252
24,176,2,3.09605
