pods,real,user,sys,iter
4,3.4747500000000002,0.621,2.668416666666667,5.5
8,5.478583333333333,1.0745833333333332,4.5962499999999995,5.5
16,8.288250000000001,1.737833333333333,7.492666666666666,5.5
32,12.637416666666667,2.890083333333333,12.151416666666668,5.5
64,21.342166666666667,5.067916666666667,21.61408333333333,5.5
