pods,real,user,sys,iter
4,0.5281666666666666,0.13133333333333333,0.20391666666666666,5.5
8,0.5309166666666668,0.28350000000000003,0.43766666666666665,5.5
16,0.5335833333333333,0.5638333333333333,0.9085,5.5
32,0.5861666666666665,1.1640833333333334,1.8344166666666668,5.5
64,0.6915,2.3225000000000002,3.702666666666666,5.5
