pods,real,user,sys,iter
4,20.736916666666662,2.8877500000000005,17.47125,5.5
8,20.861250000000002,2.8863333333333334,17.59675,5.5
16,20.609583333333337,3.029666666666666,17.19841666666667,5.5
32,20.74925,2.9972499999999997,17.373916666666666,5.5
64,20.75691666666667,2.9296666666666673,17.446250000000003,5.5
