pods,real,user,sys,iter
4,1.4980000000000002,0.2749499999999999,0.8294499999999999,9.5
8,1.48315,0.27,0.8189,9.5
16,1.5247,0.27545,0.8510499999999999,9.5
32,1.5416499999999997,0.27935,0.8642,9.5
64,1.5225000000000002,0.27749999999999997,0.8525499999999999,9.5
128,1.47665,0.26585000000000003,0.8208499999999999,9.5
