pods,real,user,sys,iter
4,10.897550000000003,1.83995,8.321750000000002,9.5
8,10.92565,1.8410999999999997,8.3581,9.5
16,10.8711,1.7778999999999996,8.366800000000001,9.5
32,11.014,1.8546,8.425850000000002,9.5
64,11.023,1.8915999999999997,8.4108,9.5
128,11.048449999999999,1.8729500000000001,8.441299999999998,9.5
