pods,real,user,sys,iter
4,0.7355999999999999,0.15065,0.2142,9.5
8,1.14965,0.31360000000000005,0.45865,9.5
16,1.9461,0.6222,0.9473499999999998,9.5
32,3.6042499999999995,1.2288000000000001,1.94465,9.5
64,6.872,2.4648,3.9122,9.5
128,7.778550000000001,2.70785,4.40725,9.5
