pods,real,user,sys,iter
4,5.1701999999999995,0.7600999999999999,3.900500000000001,9.5
8,10.1998,1.50885,8.038749999999999,9.5
16,19.917949999999998,2.768,16.196700000000003,9.5
32,42.616150000000005,5.689550000000001,35.302150000000005,9.5
64,98.71880000000002,12.678700000000003,82.8624,9.5
128,245.92259999999996,29.05725,209.54735,9.5
