pods,real,user,sys,iter
4,5.576149999999998,0.9186500000000001,4.15795,9.5
8,10.1965,1.6923499999999998,7.905699999999999,9.5
16,18.378549999999997,3.0157499999999997,14.57045,9.5
32,35.207400000000014,5.653650000000001,28.353050000000003,9.5
64,73.84535,11.36905,60.408899999999996,9.5
128,155.24905,21.1241,130.10325,9.5
