pods,real,user,sys,iter
4,29.893700000000003,4.36235,24.16005,9.5
8,30.628700000000002,4.52895,24.7144,9.5
16,31.121599999999994,4.6217500000000005,25.080350000000003,9.5
32,31.600350000000002,4.7004,25.464350000000003,9.5
64,30.769199999999994,4.66755,24.706899999999997,9.5
128,30.4557,4.6094,24.502699999999997,9.5
