pods,Overall(us),Compute(us),Pure Comm.(us),Overlap(%),iter
4,143.656,91.33749999999999,86.651,37.401,9.5
8,273.275,150.41500000000002,145.24849999999998,21.078999999999997,9.5
16,438.3014999999999,242.74649999999997,234.38649999999998,16.774,9.5
32,903.1535000000001,432.0955,417.1875,11.636,9.5
64,1604.5184999999997,747.2390000000001,724.389,5.181500000000001,9.5
128,4311.6759999999995,1982.4315,1928.4160000000006,8.784499999999998,9.5
