pods,real,user,sys,iter
4,0.7947500000000003,0.14455,0.26865,9.5
8,1.2488,0.31615000000000004,0.55935,9.5
16,2.1193,0.6225,1.1112,9.5
32,3.83815,1.2354499999999997,2.17635,9.5
64,7.314350000000002,2.4817,4.319649999999999,9.5
128,8.6236,2.6627500000000004,5.2695,9.5
