pods,real,user,sys,iter
4,44.154599999999995,7.361199999999999,34.18514999999999,9.5
8,44.5504,7.3412999999999995,34.5812,9.5
16,44.9145,7.525150000000001,34.73095000000001,9.5
32,45.835600000000014,7.639099999999999,35.511300000000006,9.5
64,45.794150000000016,7.7452,35.3938,9.5
128,44.0564,7.335499999999999,34.13205,9.5
