pods,Size,Bandwidth (MB/s),iter
4,364722.04347826086,532.1803913043476,9.5
8,364722.04347826086,532.4269782608691,9.5
16,364722.04347826086,533.7902391304351,9.5
32,364722.04347826086,528.7056956521741,9.5
64,364722.04347826086,528.8671086956524,9.5
128,364722.04347826086,528.6295652173914,9.5
