pods,real,user,sys,iter
4,50.3406,7.5847,40.66065,9.5
8,51.905950000000004,7.106049999999999,42.174,9.5
16,54.3328,7.0951,43.84075,9.5
32,57.497400000000006,7.339199999999998,45.95715,9.5
64,62.26219999999999,8.10405,49.16175,9.5
128,73.62859999999999,8.6284,54.70619999999999,9.5
