pods,Size,Bandwidth (MB/s),iter
4,364722.04347826086,524.7439782608697,9.5
8,364722.04347826086,518.7817608695655,9.5
16,364722.04347826086,530.1711304347829,9.5
32,364722.04347826086,525.0526521739126,9.5
64,364722.04347826086,527.0615217391301,9.5
128,364722.04347826086,529.236891304348,9.5
