pods,real,user,sys,iter
4,18.210100000000004,2.0033499999999993,15.0903,9.5
8,17.232400000000002,1.6953500000000001,14.449000000000002,9.5
16,17.6826,1.8405999999999998,14.740699999999999,9.5
32,17.49165,1.7192,14.5857,9.5
64,18.19625,2.0036500000000004,15.112100000000002,9.5
128,17.332900000000002,1.8798499999999998,14.397400000000001,9.5
