pods,real,user,sys,iter
4,32.43765,4.584200000000001,26.43025,9.5
8,34.8753,4.70425,28.696050000000003,9.5
16,37.92700000000001,5.01505,31.378600000000006,9.5
32,42.442600000000006,5.823000000000001,34.962149999999994,9.5
64,47.24009999999999,6.89465,38.586499999999994,9.5
128,48.7673,6.817800000000001,40.00515,9.5
