pods,real,user,sys,iter
4,0.68865,0.12484999999999995,0.19735,9.5
8,1.0826000000000002,0.28425,0.42585000000000006,9.5
16,1.8306,0.5776,0.8805000000000002,9.5
32,3.3958999999999997,1.1677999999999997,1.81525,9.5
64,6.5066500000000005,2.3796500000000003,3.6392500000000005,9.5
128,6.771399999999998,2.3910500000000003,3.7148999999999988,9.5
