pods,Size,MB/s,Messages/s,iter
4,364722.04347826086,1089.0765434782609,184037.5380217393,9.5
8,364722.04347826086,2173.8153043478237,367118.64013043465,9.5
16,364722.04347826086,4323.960717391304,734732.1367173907,9.5
32,364722.04347826086,8593.183869565224,1474900.135630435,9.5
64,364722.04347826086,17222.803108695658,3027790.5658478253,9.5
128,364722.04347826086,33309.468978260884,5773441.321369569,9.5
