pods,real,user,sys,iter
4,30.506300000000003,4.514399999999999,24.60085,9.5
8,30.0921,4.4569,24.254749999999994,9.5
16,30.6363,4.542350000000001,24.704449999999998,9.5
32,31.106650000000002,4.594849999999999,25.05275,9.5
64,31.142050000000005,4.718,25.060349999999996,9.5
128,30.084999999999997,4.484500000000001,24.251250000000002,9.5
