pods,real,user,sys,iter
4,22.2605,3.8112000000000004,17.3657,9.5
8,21.686,3.7542999999999997,16.85775,9.5
16,22.529049999999994,3.9131500000000004,17.520550000000004,9.5
32,22.7335,3.961849999999999,17.6652,9.5
64,22.42175,3.86155,17.479950000000002,9.5
128,21.94355,3.749649999999999,17.128799999999995,9.5
