pods,Size,Bandwidth (MB/s),iter
4,364722.04347826086,630.2954347826092,9.5
8,364722.04347826086,624.7020000000005,9.5
16,364722.04347826086,631.7659782608696,9.5
32,364722.04347826086,615.8836956521737,9.5
64,364722.04347826086,619.2538260869566,9.5
128,364722.04347826086,636.8575652173911,9.5
