pods,real,user,sys,iter
4,0.7121500000000001,0.14919999999999994,0.19124999999999998,9.5
8,1.0966999999999998,0.2971,0.4243499999999999,9.5
16,1.8587000000000002,0.5932000000000001,0.88085,9.5
32,3.4034499999999994,1.2013999999999998,1.798,9.5
64,6.545799999999998,2.367,3.68035,9.5
128,6.794200000000001,2.3918999999999997,3.746750000000001,9.5
