pods,real,user,sys,iter
4,11.31755,0.9154,9.58855,9.5
8,11.28535,0.8101,9.650249999999998,9.5
16,11.426800000000002,0.9202,9.701899999999998,9.5
32,11.328050000000001,0.79915,9.709399999999999,9.5
64,11.29615,0.9275000000000002,9.5772,9.5
128,11.2415,0.9595500000000001,9.4973,9.5
