pods,real,user,sys,iter
4,43.034000000000006,7.307549999999999,34.04115,9.5
8,42.57324999999999,7.280099999999999,33.608549999999994,9.5
16,44.05145,7.567599999999999,34.75155,9.5
32,44.2452,7.556649999999999,34.938700000000004,9.5
64,43.89435000000001,7.701899999999999,34.4947,9.5
128,42.7812,7.4133,33.7007,9.5
