pods,real,user,sys,iter
4,11.013100000000001,1.7641499999999997,8.54075,9.5
8,10.9406,1.7499000000000002,8.501149999999999,9.5
16,10.95665,1.7290499999999998,8.5146,9.5
32,11.0549,1.78555,8.559899999999999,9.5
64,11.06825,1.7838999999999998,8.57655,9.5
128,11.028299999999998,1.7851500000000002,8.55405,9.5
