pods,real,user,sys,iter
4,24.595800000000004,4.3193,19.255249999999997,9.5
8,24.3929,4.294199999999999,19.05845,9.5
16,25.3218,4.48715,19.781100000000002,9.5
32,25.468899999999998,4.452400000000001,19.95875,9.5
64,24.8579,4.456799999999999,19.364949999999997,9.5
128,24.201549999999997,4.302599999999999,18.891650000000006,9.5
