pods,real,user,sys,iter
4,1.5555499999999998,0.27235,0.8890499999999999,9.5
8,1.5329,0.27375000000000005,0.87015,9.5
16,1.5717999999999999,0.28124999999999994,0.8975499999999998,9.5
32,1.5676500000000002,0.27880000000000005,0.8958999999999999,9.5
64,1.5797500000000002,0.28755000000000003,0.89035,9.5
128,1.5167,0.2692,0.8506499999999999,9.5
