pods,Size,Bandwidth (MB/s),iter
4,364722.04347826086,522.0727391304347,9.5
8,364722.04347826086,529.3160869565218,9.5
16,364722.04347826086,520.8488478260865,9.5
32,364722.04347826086,528.2016521739126,9.5
64,364722.04347826086,520.0307391304349,9.5
128,364722.04347826086,528.1360000000001,9.5
