pods,real,user,sys,iter
4,22.797450000000005,2.841249999999999,18.813999999999997,9.5
8,22.749350000000003,2.78615,18.784100000000002,9.5
16,22.735599999999998,2.78715,18.78515,9.5
32,22.933550000000004,2.7821,18.970100000000002,9.5
64,22.95565,2.92215,18.8962,9.5
128,22.66295,2.91875,18.635299999999997,9.5
