pods,Size,Bandwidth (MB/s),iter
4,364722.04347826086,697.3131739130432,9.5
8,364722.04347826086,703.4771521739124,9.5
16,364722.04347826086,705.3851521739123,9.5
32,364722.04347826086,694.2350434782608,9.5
64,364722.04347826086,690.9456304347817,9.5
128,364722.04347826086,712.2775217391303,9.5
