pods,real,user,sys,iter
4,25.28805,4.57835,19.542650000000002,9.5
8,25.273400000000002,4.595000000000001,19.531750000000002,9.5
16,25.2924,4.509649999999999,19.622299999999996,9.5
32,25.875100000000003,4.734400000000001,19.964,9.5
64,25.58165,4.6708500000000015,19.75795,9.5
128,25.43335,4.597199999999999,19.6947,9.5
