nodes,real,user,sys
4,0.5935000000000001,0.1865,0.04600000000000002
8,0.6935,0.19900000000000004,0.03300000000000001
16,0.618,0.18850000000000003,0.044
32,0.6594999999999999,0.1875,0.04550000000000002
64,0.9464999999999998,0.19200000000000003,0.04300000000000002
128,1.434,0.1825,0.051500000000000004
