nodes,real,user,sys
4,2.5075000000000003,0.185,0.04950000000000002
8,2.456,0.19600000000000004,0.040000000000000015
16,2.4545000000000003,0.1875,0.047000000000000014
32,2.4940000000000007,0.18950000000000003,0.04500000000000001
64,2.4715,0.182,0.05250000000000001
128,2.514,0.1915,0.046000000000000006
