nodes,real,user,sys
4,0.8230000000000002,0.18050000000000005,0.05100000000000001
8,0.9824999999999999,0.188,0.04400000000000002
16,0.9945,0.18950000000000003,0.041500000000000016
32,1.2360000000000004,0.189,0.043500000000000004
64,1.5325,0.191,0.040499999999999994
128,2.203499999999999,0.189,0.04750000000000002
