nodes,real,user,sys
4,4.967499999999999,0.18750000000000003,0.04450000000000002
8,4.942,0.18700000000000003,0.044500000000000005
16,5.666500000000001,0.1925,0.041500000000000016
32,5.781999999999999,0.18450000000000003,0.04800000000000001
64,8.264999999999999,0.19950000000000004,0.03400000000000001
128,11.135,0.19200000000000006,0.042000000000000016
