pods,real,user,sys,iter
2,226.674,6772.6925,9848.437,0.5
4,228.711,5995.556500000001,10939.229,0.5
8,230.1543333333333,5638.7373333333335,11279.972666666667,1.0
16,232.07666666666668,5364.550333333334,11937.596333333335,1.0
