pods,nprocs,min-ms,max-ms,avg-ms,iter
2,176.0,254.0,374.5,325.5,0.5
4,352.0,260.5,384.0,329.0,0.5
8,704.0,264.3333333333333,401.3333333333333,336.6666666666667,1.0
16,1408.0,275.3333333333333,431.3333333333333,353.0,1.0
