pods,real,user,sys,iter
2,22.036,6.865,14.7685,0.5
4,21.884500000000003,6.7669999999999995,14.714500000000001,0.5
8,21.623,6.585333333333334,14.635,1.0
16,22.87966666666667,7.334333333333333,15.141666666666666,1.0
