pods,real,user,sys,iter
2,5.3975,0.609,4.391,0.5
4,5.1035,0.4985,4.2085,0.5
8,5.114,0.506,4.209333333333333,1.0
16,4.948666666666666,0.4343333333333333,4.111666666666667,1.0
