,real,user,sys,iter,pods
0,227.40800000000002,6734.328,9922.757,0,2
1,225.94,6811.057,9774.117,1,2
2,229.55599999999998,5353.454,11917.013,0,16
3,232.589,5413.233,12113.797,1,16
4,234.085,5326.964,11781.979,2,16
5,229.098,5584.935,11159.538,0,8
6,230.65800000000002,5694.25,11433.676,1,8
7,230.707,5637.027,11246.704,2,8
8,229.095,5961.313,10846.614,0,4
9,228.327,6029.8,11031.844,1,4
