pods,real,user,sys,iter
2,0.8405,1.1745,4.922499999999999,0.5
4,0.8534999999999999,1.3465,5.5895,0.5
8,0.8873333333333333,1.6976666666666667,5.764,1.0
16,0.9853333333333333,2.476,6.5249999999999995,1.0
