pods,real,user,sys,iter
2,2.9955,0.49350000000000005,2.105,0.5
4,2.95,0.435,2.1189999999999998,0.5
8,2.9426666666666663,0.4443333333333333,2.102,1.0
16,3.0100000000000002,0.48066666666666663,2.133,1.0
