pods,real,user,sys,iter
2,0.8105,1.1245,4.939500000000001,0.5
4,0.8285,1.267,5.24,0.5
8,0.855,1.647,5.644333333333333,1.0
16,0.964,2.419333333333333,6.4496666666666655,1.0
