pods,real,user,sys,iter
2,1.0665,11.408,17.011499999999998,0.5
4,1.271,16.4625,28.7805,0.5
8,1.404,19.194333333333333,36.424,1.0
16,1.773,27.307999999999996,54.775666666666666,1.0
