pods,real,user,sys,iter
2,12.582999999999998,3.8390000000000004,8.348500000000001,0.5
4,12.066,3.6595,8.012,0.5
8,12.260666666666665,3.6519999999999997,8.214666666666666,1.0
16,12.443333333333333,3.842,8.205,1.0
