pods,real,user,sys,iter
2,55.0195,1914.0425,2856.9645,0.5
4,112.222,3585.0015000000003,6213.2865,0.5
8,157.24566666666666,5465.134666666668,8292.396,1.0
16,265.1766666666667,9689.805666666667,13556.851999999999,1.0
