pods,real,user,sys,iter
2,11.447,476.501,464.1155,0.5
4,20.674,807.088,944.3240000000001,0.5
8,35.86533333333333,1363.7586666666668,1721.733,1.0
16,68.42566666666666,2520.266333333333,3423.798666666667,1.0
