pods,real,user,sys,iter
2,11.195,3.654,7.1445,0.5
4,11.262,3.6525,7.2125,0.5
8,10.910333333333334,3.458,7.054666666666667,1.0
16,11.757333333333333,3.67,7.69,1.0
