pods,real,user,sys,iter
2,6.356999999999999,0.5489999999999999,5.41,0.5
4,6.446,0.6515,5.396,0.5
8,6.328666666666666,0.5843333333333333,5.346,1.0
16,6.208666666666666,0.5336666666666666,5.277666666666666,1.0
