pods,real,user,sys,iter
2,3.63,0.547,2.6795,0.5
4,3.6535,0.5525,2.6945,0.5
8,3.624333333333333,0.5483333333333333,2.6726666666666667,1.0
16,3.8000000000000003,0.64,2.757,1.0
