pods,real,user,sys,iter
2,8.036999999999999,2.396,5.2435,0.5
4,8.058,2.3,5.3605,0.5
8,7.851,2.3266666666666667,5.1273333333333335,1.0
16,8.591,2.5116666666666667,5.6816666666666675,1.0
