pods,real,user,sys,iter
2,4.058,0.3325,3.3289999999999997,0.5
4,3.6745,0.326,2.953,0.5
8,3.6573333333333338,0.321,2.9403333333333332,1.0
16,3.654333333333333,0.32299999999999995,2.9320000000000004,1.0
