pods,real,user,sys,iter
2,15.865000000000002,4.535500000000001,9.9605,0.5
4,17.0455,4.952,10.7255,0.5
8,16.177333333333333,4.547666666666667,10.260666666666665,1.0
16,16.401999999999997,4.7586666666666675,10.272666666666666,1.0
