pods,real,user,sys,iter
2,1.3715000000000002,0.3795,0.5965,0.5
4,1.359,0.3675,0.5955,0.5
8,1.3516666666666666,0.36400000000000005,0.591,1.0
16,1.3976666666666666,0.377,0.6246666666666667,1.0
