pods,Overall(us),Compute(us),Pure Comm.(us),Overlap(%),iter
2,351.42,197.12,191.805,19.53,0.5
4,538.7850000000001,317.795,309.55499999999995,28.345,0.5
8,914.4766666666666,523.2866666666666,510.77,18.73,1.0
16,1592.1033333333335,938.3733333333333,917.2566666666667,26.896666666666665,1.0
