pods,real,user,sys,iter
2,9.935,2.479,7.0595,0.5
4,9.900500000000001,2.492,7.0115,0.5
8,9.563,2.316666666666667,6.848999999999999,1.0
16,10.297333333333334,2.6490000000000005,7.2506666666666675,1.0
