pods,real,user,sys,iter
2,9.900500000000001,2.5250000000000004,6.9785,0.5
4,9.8185,2.5245,6.8985,0.5
8,9.570666666666668,2.4010000000000002,6.773666666666667,1.0
16,10.223666666666666,2.6149999999999998,7.212,1.0
