pods,real,user,sys,iter
2,0.927,7.908,8.9805,0.5
4,1.006,9.7925,11.2925,0.5
8,1.122,14.303666666666667,16.200666666666667,1.0
16,1.3703333333333332,22.355333333333334,24.900333333333332,1.0
