pods,real,user,sys,iter
2,57.147999999999996,1698.02,3174.4945,0.5
4,59.676500000000004,1594.8400000000001,3527.512,0.5
8,62.68000000000001,1567.0883333333331,3823.964,1.0
16,64.29199999999999,1531.5333333333335,4009.891333333333,1.0
