pods,real,user,sys,iter
2,1.342,0.393,0.5529999999999999,0.5
4,1.367,0.3705,0.6,0.5
8,1.274,0.3426666666666667,0.5333333333333333,1.0
16,1.3506666666666665,0.36866666666666664,0.582,1.0
